客户等级,主叫次数,被叫次数,通话时长,费用,流失
2,1.082858747,1.074697115,1.235385841,1.237546863,0
2,0.877437326,0.727557915,0.649850234,0.669675368,0
1,1.196428571,1.006702974,1.432644352,1.22371786,0
3,0.969991547,1.066810345,0.643757009,0.554007805,0
1,1.222591362,1.339578454,1.054216981,1.961699713,0
1,0.927400468,1.293061225,0.987318424,1.039144879,0
2,0.517737296,0.674325674,0.456644065,0.445067225,0
2,0.901314372,0.835245047,1.029258925,0.716163033,0
1,0.4786065,0.635714286,0.679923202,0.751674371,0
2,1.460811562,1.472392638,1.390746123,1.116031585,0
1,1.210084034,0.967468175,1.236316914,1.475496404,0
2,1.165966387,1.390231705,1.500480736,0.944971892,0
3,0.507518797,1.339285714,1.314653771,1.314785214,0
2,0.614640884,1.018243661,0.647809331,0.693655869,0
1,1.478405316,1.148016769,1.59414378,1.645584012,0
1,0.943942134,1.662593985,1.507041371,1.262143984,0
2,1.329829172,1.244208021,1.44563592,1.334142621,0
1,0.807459677,1.214389084,0.919114384,0.848763258,0
2,0.360248447,0.842044135,0.627184319,0.695441559,0
1,1.529793736,1.848833493,1.726511145,1.652240554,0
1,1.285714286,1.325301205,1.380612603,1.321541765,0
1,1.02955665,1.095674967,1.114577332,0.986657508,0
1,0.305164319,0.328282828,1.321747355,1.054147518,0
1,1.418067227,1.132536665,1.220188232,1.387245483,0
2,1.239351245,1.108060654,1.023077712,1.085075426,0
2,1.276260504,0.825057296,0.948281805,0.923531012,0
1,1.424721378,1.28143982,1.60709121,1.452713547,0
2,1.522029373,1.678866588,1.274296522,1.276247925,0
2,0.544066179,0.740176668,0.596405373,0.652231964,0
2,1.609950911,1.379825458,1.493694147,1.504177925,0
2,0.646350932,0.428571429,0.717515556,1.831217752,0
3,0.915642221,1.241704506,1.236518564,0.526663963,0
1,1.533950335,1.10514198,1.310027265,1.235822497,0
1,0.84790972,0.872674325,0.930345014,0.837744733,0
2,0.657340926,1.031038872,0.982288756,0.942362712,0
1,1.22,0,1.35364228,1.043259557,0
1,1.26984127,1.639012546,1.775601919,1.538084127,0
1,0.721298337,0.907361613,0.642643979,0.700950636,0
2,1.066692442,1.314316804,1.160096479,1.067982347,0
1,1.373784978,1.057790106,0.992063705,0.82945673,0
2,0.925272365,0.804173355,0.815542415,0.650968008,0
1,0.681318681,0.738095238,0.731608987,0.697040603,0
2,1.457052916,1.409624858,1.13504352,0.724462438,0
1,1.523591088,1.389719068,1.679712981,1.595507786,0
1,0.605633803,0.676008202,0.532533231,0.571632643,0
1,1.638095238,0.86,0.958981046,0.839781536,0
1,1.253837072,0.915988157,1.011342472,0.844132498,0
1,1.165338645,1.386036961,1.332976463,1.105852085,0
2,0.592005397,0.922308838,0.825382759,0.644503744,0
2,0.987891019,1.057795386,0.82255332,0.774814669,0
1,0.728110599,0.467455621,0.797125119,0.602836183,0
2,0.887686923,1.070536458,0.951268561,0.799572116,0
1,1.043478261,1.301204819,1.071888136,1.051807795,0
1,0.866300366,1.409114183,0.657355613,0.233970695,0
1,0.988977739,1.104157218,1.31093506,1.089200616,0
1,1.094453782,1.332908163,1.053258504,1.137721024,0
2,1.536309524,0.561842413,0.975273817,1.729038996,0
2,1.250921659,1.175488006,1.090803768,1.057541998,0
1,0.678095238,1.266363119,0.674948132,0.797195905,0
2,1.05141107,0,1.239014446,1.197640802,0
1,1.545545047,1.00210084,0.970098822,1.073181554,0
2,0.481502561,0.520935961,0.539099451,0.450006835,0
1,0.76754386,0.865168539,0.850027268,1.933908574,0
2,0,0.563380282,1.043432551,0.843811803,0
1,1.85877551,1.168831169,1.113475177,1.453651685,0
2,0.884718499,0.910025707,0.854963456,0.262087811,0
1,0.645517241,0.711246201,0.385834739,0.562600178,0
1,0.462724936,0.646737568,0.665904232,0.538491316,0
2,1.02818706,1.15375758,1.673199577,1.548195465,0
1,2.07820197,2.863300493,3.271157896,3.054852489,0
2,0.982142857,1.116082438,1.214109502,1.051887004,0
1,1.008695652,0.854875283,0.821275719,0.833314851,0
2,1.289875173,0.92382496,1.194649342,1.206784585,0
1,1.40987984,1.618273326,1.301955035,1.357314321,0
2,0.641627971,0.716696805,0.642582246,0.296760843,0
2,0.435420744,0.339215133,0.427559139,1.019974764,0
1,1.933575978,2.207792208,1.51868612,1.545546922,0
1,0.735294118,0.292056075,0.577739507,0.514572301,0
1,0.76863354,0.886699507,0.714842752,0.773948949,0
1,1.223265306,0.971324296,1.211268366,1.49421702,0
1,0.481391586,0.495337995,0.333821111,0.389819952,0
2,0.896103896,1.034108387,1.065888642,1.280604237,0
3,0.996309963,0.99800745,0.912268405,0.883118284,0
1,0.897386871,0.942857143,0.860916495,0.797162042,0
1,0.963715806,1.187986652,1.125823605,1.034999027,0
1,0.963585434,0.755150287,1.013790489,0.8734625,0
2,1.365726548,1.244239631,1.229573597,1.139841038,0
1,1.574638844,1.684059014,1.739038099,1.736948311,0
2,1.155844156,1.568207654,1.172070326,1.07086708,0
2,0.665377616,0.750654641,0.745762204,0.544076815,0
2,0.136633663,1.039726027,0.302908185,0.219734289,0
2,0.989010989,0.865775951,1.100322101,1.031690203,0
3,0.433898305,0.470588235,0.630541872,0.556622331,0
2,0.594155844,0.647840532,0.634146737,0.629554026,0
2,0.729291717,1.076604555,0.783707907,0.181859626,0
1,1.378737542,0.995975855,1.091857539,1.059427247,0
1,0.952035887,1.448015873,1.180473845,1.068510083,0
1,1.081688489,1.576939381,1.479863172,0.864940787,0
1,0.531533684,0.567602041,0.458364659,0.477232284,0
1,1.557692308,0.569277108,0.455539049,0.584854436,0
2,1.398563927,1.281407035,1.370341111,1.279481568,0
2,1.782203123,1.441786551,1.540119249,1.629271104,0
2,0.802736602,1.197278912,1.111032608,0.848166747,0
1,1.660377359,0.954792043,1.024263948,1.238086462,0
1,0.820224719,1.336996337,1.029982363,1.051620648,0
3,1.065509077,1.075382182,1.044722416,1.042778194,0
1,1.104761905,1.35256521,1.463125149,1.363850653,0
2,0.437417655,0.914096916,0.479588387,0.406024717,0
2,0.642857143,1.088222123,0.588741397,0.543497125,0
1,0.658970359,0.343414634,0.45822392,0.476776909,0
1,0.637065637,0.909766612,0.621585564,0.679987133,0
2,1.182745826,1.056122449,1.185570683,1.09322873,0
1,1.073170732,1.148351648,1.198333722,1.074706845,0
1,1.513605442,1.326708075,1.557472634,1.39833593,0
2,1.136919755,1.414808493,1.126001369,0.938956689,0
2,1.093830467,1.130298273,1.044927767,0.910372924,0
1,0.64469914,0.966257669,0.959596819,1.004866207,0
2,1.272420342,1.13226287,1.129333723,1.179818616,0
1,1.567944251,1.297959184,1.319583796,1.356272762,0
1,0.860869565,0.696629214,0.873757313,1.051763694,0
2,1.288129529,1.024523927,1.27982905,0.968173551,0
1,0.701945525,0.433862434,0.291363896,0.386847748,0
2,0.842885099,1.195262024,0.974042874,1.004222511,0
3,1.177712115,1.061270018,1.231556929,0.933859829,0
2,0.565770863,0.676007511,0.552211309,1.067939944,0
4,1.389658849,1.880952381,1.75839626,1.704078487,0
2,0.934435685,1.122077922,1.001773938,0.911110209,0
2,0.806626833,1.001642036,0.949583896,0.838342671,0
1,0.931370163,0.778425656,0.680446085,0.713743373,0
2,0.646319569,0.738530399,0.944928968,0.598192396,0
1,1.603801604,1.104565538,1.639803784,1.604626118,0
1,1.198547216,0.903089517,0.943490167,0.742919849,0
2,2.085914086,1.032325339,1.482180868,2.583154642,0
2,0.558869702,0.875201144,0.823220624,0.57947269,0
2,0.525756771,0.799868334,0.578950426,0.459867433,0
2,1.008403361,1.074570591,1.051532885,1.329900789,0
1,1.562219868,1.203377903,1.96805778,1.772314389,0
1,1.203252033,1.636650869,1.359228596,1.408304498,0
1,1.204889406,1.25633232,1.311028991,0.883227334,0
1,0.3160415,0.673469388,0.390522382,0.410616915,0
2,1.193256651,1.319579603,1.244348927,1.186051782,0
2,1.036653814,1.043582567,1.154697004,0.914976436,0
2,1.212121212,1.120823853,1.1622883,1.13298414,0
2,1.257763975,1.0190602,1.081549989,0.984398952,0
3,0.64828614,0.802583026,0.886478875,1.780969097,0
1,0.744769875,1.004671078,1.021338978,0.672296471,0
1,2.158108405,1.891885714,2.374030747,2.137386521,0
1,1.970485061,1.757536042,2.274069201,1.992064227,0
2,1.081146744,1.18236715,1.22684519,1.177603181,0
2,1.144631766,1.267746229,1.220191061,1.145189937,0
1,1.229199372,1.274725275,1.410542949,1.198163734,0
1,2.07485242,1.999709049,2.165397644,1.944716201,0
2,0.895117541,0.769025367,1.127102523,0.847733346,0
1,1.126656848,1.492346939,1.653031128,1.856460078,0
2,0.676044797,0.864345738,0.751992004,0.415041231,0
1,1.239067055,0.612244898,0.832654909,0.802126318,0
2,1.113610799,1.098214286,1.265763854,1.050957326,0
1,1.170744541,1.231446541,1.10365112,1.227735685,0
2,0.789651294,0.819578828,0.711414716,0.73841437,0
1,0,0.764227642,0.397293226,0.052847411,0
2,1.073149742,0.953051643,0.918613826,0.851140739,0
2,0.797555386,0.847975554,0.839758385,0.967588032,0
1,0.621428571,0.967798595,0.916713494,0.81490289,0
2,0.95933961,0.920299077,0.919024691,0.770151927,0
2,1.112369966,0.972333747,1.142243955,1.099204092,0
2,1.333333333,1.577708006,1.287222162,1.014824525,0
1,1.052210122,0.786516854,0.880134816,0.732991416,0
2,1.143958869,0.995591235,1.238161197,1.125233095,0
2,1.146496815,0.989010989,1.342785785,1.15614732,0
1,1.838546069,1.621857288,1.631447777,1.276883004,0
1,0.722311397,0.983193277,0.555523337,0.483341279,0
2,1.139817629,1.223195409,1.094708762,0.951005301,0
2,1.187789643,1.121185316,1.322362621,1.434816686,0
1,1.117346939,1.210084034,1.077986309,0.91085125,0
2,0.381679389,0.428176796,0.320534181,1.212231135,0
2,1.451761103,1.627118644,1.639797184,1.619538579,0
2,0.698004855,0.685194355,0.727360392,0.686986029,0
2,1.188538206,1.086309524,1.194545813,1.39105656,0
1,0.908163265,1.246498599,1.103420623,1.124645761,0
2,0.754491018,0.75974026,0.57932917,0.753146007,0
1,0.545454546,0.689655172,0.70021692,0.727256095,0
1,1.774285714,1.171790235,1.386341058,2.090625532,0
1,3.635111876,2.830854376,2.755348505,2.792339959,0
1,0.624638519,0.922320148,0.511325168,0.514305896,0
2,1.302288871,1.079114573,1.226574741,1.110116005,0
2,1.207983193,1.072906404,1.135749988,1.02612758,0
1,0.669642857,0.628356606,0.673142398,0.664295474,0
1,0.485517241,0,0.269614167,0.596106864,0
1,1.488042328,1.423420981,1.449179281,1.530014868,0
2,1.287149481,1.116992251,1.140684194,0.994156885,0
2,1.009817672,1.017794778,1.032426165,0.83347083,0
2,1.045296167,1.234285714,1.363081426,1.281525691,0
2,0.852357691,0.913608967,0.933305051,0.935729317,0
2,1.343283582,1.086061132,1.007189008,0.721742416,0
2,0.613793103,0.428571429,0.721534639,0.558775921,0
2,0.999617005,0.998450573,0.949697672,0.863182873,0
1,1.175377468,1.061694544,1.508412796,1.361521451,0
2,0.845762566,0.685714286,0.638732262,0.624310918,0
1,1.252944956,0.99333611,1.805356278,1.375507835,0
2,0.638895178,0.607280044,0.70424323,0.700105547,0
2,1.034402962,1.181173631,1.286693656,1.185530173,0
1,1.17803838,1.202263084,1.319643381,0.802425928,0
1,1.460794844,0.813873626,1.236859353,1.128982361,0
3,0.709406201,0.83693576,0.725271396,0.432094521,0
1,1.054945055,0.68722467,0.89580439,1.093810445,0
1,0,0.414285714,0.229124098,0.186096257,0
2,1.123853211,1.493902439,1.794855206,1.424862395,0
1,0.583529412,1.033333333,0.582074912,0.58490566,0
2,1.195300528,1.10452289,0.998118366,0.957263261,0
1,1.088068825,1.111207898,1.026464569,0.902860811,0
1,1.291294643,1.135204082,1.022045659,1.057224246,0
1,0.685714286,0.733410943,0.906090665,0.849876085,0
1,0.787952788,0.613794885,0.847547216,0.705133745,0
1,0.829581994,0.814257867,1.05468618,1.107927132,0
1,1.735791091,1.229135053,1.534204947,1.9022912,0
2,1.013468757,1.288711289,1.172228683,0.741074614,0
2,0.937799043,0.940092166,1.031256835,1.029172405,0
2,1.170013,0.989401285,0.870225956,0.891063596,0
2,1.138132296,1.112115732,0.950940386,0.891693231,0
2,1.083249749,0.907349531,0.775405007,0.910884116,0
1,0.495341615,0.651300236,0.437240336,0.342442202,0
1,1.187888199,1.308470291,1.098893752,1.119394369,0
2,1.379139891,1.326410986,1.192460997,1.321645327,0
1,1.102941177,0.402684564,0.554257339,0.595829196,0
2,0.771793702,0.988543486,0.89096244,0.835958185,0
2,0.625,1.616492147,1.271490142,1.156176335,0
2,1.589285714,1.184035477,1.620022503,1.059677091,0
2,1.622068966,1.552560647,1.554336152,0.549548534,0
1,0.900840336,0.521216407,0.420235446,0.41340519,0
3,1.163048965,1.088940777,1.221479384,1.170026965,0
1,1.628158845,1.422997947,1.625961646,1.437625322,0
1,1.890647482,0.811111111,0.752297149,1.180775605,0
1,0,0.71408046,0.440910802,0.319536447,0
1,1.526418787,1.363888376,1.546587504,1.305836737,0
2,1.398176292,1.474067334,1.664115635,1.408650684,0
2,1.306821658,1.133911629,1.080094955,1.068814814,0
1,1.161395856,1.159563925,1.024858478,0.746864579,0
1,2.580489278,2.241637151,1.855553838,2.144578313,0
1,1.049271637,1.019953052,1.036509191,1.097183805,0
1,0.348717949,0.593650794,0.47662264,0.468820745,0
1,1.543529412,2.278589241,1.85211175,1.758979984,0
3,0.663193345,0.740713924,0.764469974,0.777220358,0
2,1.048343292,1.023389709,1.195494304,1.141941792,0
2,1.038794485,0.981539335,0.883328765,0.757528902,0
2,0.748959778,1.006925946,0.902637621,0.728176732,0
1,0.999158013,1.473553114,1.424185554,1.47488145,0
1,0.8994709,1.190904419,1.242095089,1.263923295,0
1,1.050212164,0.83535109,1.145511644,1.149401987,0
2,1.198254155,1.406761178,1.471271803,1.111291265,0
2,1.347329986,1.171197224,1.582209864,1.476896114,0
2,0.893501805,0.876196047,1.013923705,1.642521707,0
2,0.908866995,0.941704036,1.334128264,1.401794448,0
2,0.658812765,0.664472514,0.901333265,0.830398531,0
3,0.969518913,0.468413496,0.646347207,0.59793909,0
1,0.740308019,1.181856719,1.604869148,1.183535017,0
2,0.974227518,1.199053283,0.721156744,0.910903669,0
1,0.793184797,0.753681885,1.022523534,1.470969906,0
2,1.326781327,1.014457241,1.225783939,0.732907764,0
2,1.125351672,1.03132162,0.885191288,0.606056909,0
2,0.897445124,1.001525659,0.822113483,0.870096423,0
1,1.441130298,1.141686183,1.109571762,1.03786055,0
1,2.101960784,1.775903615,1.58220704,1.081622,0
1,1.082474227,1.199652275,1.323940664,0.928026617,0
1,0.597402597,1.118317266,1.003286197,0.890145514,0
1,0.436578171,0.622429907,0.397145905,0.482389392,0
2,1.0104314,1.107101853,1.032195965,0.997672771,0
2,1.463450292,1.609460946,2.316593715,2.436629248,0
1,1.00871731,1.150241409,0.97911966,0.858822209,0
2,1.28499238,1.048317515,1.219750064,1.111473741,0
1,1.399371069,1.449874687,1.456160497,1.4469002,0
2,0.241230867,0.27569242,0.427415878,0.323855478,0
2,0.812030075,0.649748414,0.661257092,1.296457957,0
1,1.785103785,0.648049645,0.813176704,0.945364257,0
2,1.433472188,0.877293578,1.167862757,0.020490137,0
2,0.959865282,0.992829564,0.617968922,0.533815884,0
3,1.392174704,1.061598952,1.133644929,1.599025974,0
2,1.352764345,0.989010989,1.299592448,1.188642649,0
1,0.593258427,0.622733304,0.522880751,0.335711704,0
1,0.844629823,1.244239631,0.80823487,0.997250147,0
2,0.851522248,0.97826087,0.780961419,0.941865509,0
1,0.746268657,0.892857143,0.605743761,0.576368876,0
3,0.681818182,1.011235955,1.157955909,1.053675461,0
2,0.952380952,0.918868366,0.898918212,0.828969282,0
1,0.973154362,1.062969925,0.872145943,0.838953051,0
1,0.937907078,1.618381618,1.030506117,0.485675417,0
2,0.712669683,0.886163413,1.035686922,1.204033295,0
2,0.884642995,0.856654735,0.674052858,0.675615234,0
2,0.845596559,0.778459821,1.120584797,0.941654717,0
2,0.596938776,0.967308554,0.628457739,0.330044872,0
2,0.798243348,0.914321676,1.003972271,0.868609263,0
2,0.607578397,0.551563821,0.644620054,0.570984277,0
1,1.035714286,0.91283293,1.259067541,2.718356453,0
2,1.551172708,1.412872841,1.640280859,1.535565997,0
1,1.311338885,1.886319846,1.45785955,1.295766033,0
2,1.525423729,1.226874391,1.355730706,1.119887319,0
2,1.162474507,1.147959184,1.179758424,1.042684631,0
2,0.854364436,0.846255361,0.794029214,0.616927721,0
1,0.7762216,1.192436975,0.785637733,0.970081549,0
1,1.820224719,1.362187998,1.187280667,1.276458098,0
1,1.977777778,1.732191514,2.023311261,1.697299839,0
1,0.341666667,1.045537341,1.040210923,1.076731962,0
2,0.185097295,0.42804298,0.169559911,0.172074575,0
2,1.582417582,0.813519356,0.923318428,0.847323835,0
1,1.933333333,0.563106796,0.982107737,0.621206712,0
2,0.50949051,0.866640285,0.626284071,0.592630294,0
1,0.87,0.469593379,0.447052933,0.398786487,0
1,0.944444444,1.135724332,0.653341643,0.711675801,0
2,1.246729219,1.187839842,0.917339052,0.953324197,0
1,1.458269329,1.010176125,1.128879547,1.1187828,0
4,1.28188091,1.377690802,1.591278535,1.405489744,0
2,0.976117441,1.059340659,1.089242008,1.050066916,0
2,0.988610742,0.872422575,0.916963078,1.207395004,0
2,1.115044248,1.000473037,1.212772541,1.450119737,0
1,1.105232216,0.846560847,0.947553612,0.824627326,0
2,0.952380952,0.755479559,1.181690701,1.070353457,0
1,1.455213597,1.176274018,1.733784581,1.086211037,0
3,1.052246986,1.030466539,1.160702322,0.785727868,0
1,1.057687546,0.960293483,1.56747447,2.943869941,0
1,0.190710652,0.092841163,0.329447451,0.238710437,0
2,1.158902447,0.973855392,0.895746959,1.184930022,0
2,1.13497537,1.045714286,1.161474013,0.384875429,0
1,1.083629893,1.333168562,0.975784505,1.311067721,0
1,1.732099197,1.232049689,2.425735874,4.341160124,0
3,1.215022091,0.952380952,1.197120589,1.041707777,0
1,1.837362637,1.892354125,1.693921011,1.636181575,0
1,1.061810721,0.972797694,0.945684237,0.959351336,0
1,0.9567021,1.203145478,1.168814244,1.155712776,0
1,1.213979154,1.126920888,1.079152682,1.032718602,0
1,1.569711281,1.703408267,1.594349012,1.587373147,0
1,0.573433584,0.76737625,0.778343107,0.795915221,0
1,1.491163476,1.329483283,1.369010543,1.392171873,0
2,0.490730643,0.495805684,0.619630824,0.694028173,0
2,0.968460111,1.23190686,1.048345757,0.618557978,0
1,0.753061225,1.618421053,1.158451304,0.868095603,0
1,1.338624339,1.359073359,1.199377119,1.013421198,0
2,0.505559584,0.638851503,0.536482608,0.584642238,0
2,1.28423815,0.888789137,1.083877312,1.321379784,0
1,0.583747927,0.638497653,0.638154061,0.63600191,0
1,0.387755102,0.6,0.440743184,0.354778476,0
2,1.839472003,1.278982797,1.768291217,1.497912839,0
2,1.041500399,0.64690027,0.69580966,0.614366926,0
2,1.67982771,1.233526621,1.963093251,2.816319417,0
1,1.166306696,1.665057915,1.620338384,1.779289075,0
1,0.719277395,0.936595633,1.054993799,1.141587161,0
2,0.732995818,0.783829455,0.858326479,0.81669251,0
1,1.30474177,1.120226308,1.190705402,1.123106968,0
2,1.406015038,1.03125,1.124972713,0.836823856,0
2,0.974025974,1.027966742,0.949147732,0.874326308,0
1,1.444043321,2.377919321,1.675222676,1.581624433,0
2,1.922303049,1.622746186,1.570889795,2.038664078,0
1,0.207822534,0.11511456,0.163489507,0.5826712,0
1,0.876847291,1.202436323,0.783061072,0.885676903,0
2,1.972144847,1.53968254,1.577900994,1.571069344,0
2,0.750665484,1.084444885,0.969560274,0.794915737,0
1,0.515759312,0.691476591,0.548056532,0.506728863,0
2,0.128712871,0,0.280509374,13.33668946,0
3,1.005467079,0.961281709,0.892125691,1.711138401,0
1,0.987517337,1.154095526,1.332392933,1.258122168,0
2,0.905452036,0.962984986,0.992456624,0.425825054,0
2,1.304945055,1.436293436,1.593001448,1.424697032,0
1,0.895833333,0.792467949,0.902746222,0.678575343,0
2,1.265625,1.143497758,1.508410242,1.249216685,0
1,0.412355212,0.927083333,0.748937928,0.72157254,0
1,1.107142857,1.010434783,0.964450069,0.917096966,0
1,1.371621622,1.488451668,1.377606645,1.456071724,0
2,1.340319912,0.937557112,1.059752954,0.947233943,0
1,0.471059113,1.172413793,0.685113042,0.687547193,0
2,0.408544726,0.686403149,0.558140749,0.543348371,0
1,1.321066777,1.014639071,1.140009481,1.060902789,0
1,1.519457695,2.141590679,2.196075141,1.805174871,0
1,1.077694236,0.950276243,1.062133032,1.161612251,0
2,1.769662921,1.491884425,1.60771359,2.206598616,0
1,1.185227598,1.210974456,1.281406663,1.213228604,0
1,1.114707952,0.851466414,1.109616434,0.908517432,0
1,0.994888351,0.678947368,0.766357146,0.783013283,0
2,2.034285714,1.40133318,1.312874062,0,0
2,1.130063966,1.074226035,1.008004989,1.058285816,0
2,0.26461432,0.342027984,0.213362141,0.156560356,0
2,1.094681612,1.018907563,0.855275517,0.77031198,0
1,0.747788797,0.971853425,0.924330563,0.799895864,0
1,0.458949097,0.484962406,0.74032274,0.735812575,0
1,1.127152989,0.949741824,0.816111688,0.866387591,0
2,1.086409032,0.86562942,1.065720088,0.964975782,0
1,0.883315158,1.133065221,0.955120514,0.983976183,0
1,0.632352941,0.852087757,0.872658099,0.9488313,0
1,0.194482382,0.533466534,0.498116313,0.457489751,0
2,1.189285714,0.959488273,1.120538514,1.165230654,0
1,0.388222465,0.916703986,0.669899707,0.656579481,0
2,0.974949221,1.12170711,1.069298478,0.645476109,0
1,0.915572559,0.990302126,0.969279184,0.992794351,0
1,0.438356164,0.6,0.693285886,0.503937008,0
1,0.434131737,0.409893993,0.521188746,0.457028788,0
2,0.785484612,0.698283387,0.632921183,0.310351868,0
1,1.033492823,0.943231441,0.947679429,0.702496457,0
1,0.96046568,1.457725948,0.93424392,0.967352331,0
1,0.677042802,1.062969925,1.035580051,0.874914101,0
2,1.055900621,0.857142857,1.033347847,1.022189424,0
1,0.9,0.761733778,1.272165417,0.994457646,0
2,1.189285714,1.300795978,0.998888982,0.759527524,0
1,0.957838723,1.321909425,1.101244226,0.845835473,0
1,1.376847291,1.298490128,2.23298835,2.397105323,0
1,1.168831169,1.12412178,1.391813698,0.645616,0
2,1.041064199,1.876955162,1.758862098,1.597520731,0
1,0.93585664,1.193121693,1.058796902,1.069209474,0
1,1.291858679,0.85961301,1.229162568,1.115490944,0
1,1.03117506,1.068322981,0.892413229,0.930617855,0
2,1.832939788,1.536465447,1.343979414,0.949430077,0
1,1.732191514,1.474316109,1.305182649,1.385442481,0
2,0.755573906,0.722843976,0.666149698,0.649044728,0
2,1.87012987,1.337305778,1.775479211,1.974755593,0
2,0.592926491,0.701970443,0.489518713,0.391952142,0
1,0.408617341,0.68417681,0.365552026,0.396195093,0
2,1.381073331,1.32746888,1.272983934,1.22413928,0
1,1.14379085,0.296108291,0.278596698,0.314681274,0
3,0.647708264,0.789038888,0.729378361,1.207785231,0
2,0.259493671,0.525641026,0.137294813,0.164131305,0
3,1.933315762,2.783763701,2.111648514,1.042216339,0
2,0.647373704,0.864168618,0.822742461,1.307277843,0
1,0.637307555,0.600864164,0.756123663,0.787176732,0
2,1.257044842,1.167953668,1.177364808,1.19471676,0
1,1.392857143,1.311134235,1.379565128,1.358423518,0
2,2.279900332,1.542857143,1.820607809,1.528726396,0
1,1.215336135,1.05952381,0.798353822,1.026139146,0
2,0.50722862,0.643178732,0.553502104,0.640467273,0
1,0.443521595,1.002816901,0.941270424,0.728726507,0
2,0.805860806,1.013477089,0.924984997,0.833820894,0
1,1.513975155,1.397335783,1.517838757,1.404561825,0
1,1.014312218,1.08720733,1.070107973,1.033250848,0
1,1.481840194,1.195054945,1.412908023,1.206951318,0
1,0.55957867,0.754826255,1.08011666,0.937160091,0
1,1.414504932,1.198574069,1.044807625,1.004436269,0
1,0.960284529,0.806933652,1.116816295,0.998707175,0
2,1.170666069,1.264091665,1.862050541,2.799777226,0
2,1.039454306,1.18006993,1.412238801,1.03633074,0
2,1.220715167,1.016311167,1.213236126,1.054371638,0
2,1.123914093,0,0.89599622,0.607541544,0
2,0.69058296,1.073482428,0.871238675,0.762028708,0
1,1.310751105,1.426127105,1.355792101,1.237248565,0
1,0.821198157,1.206287921,0.787092772,0.724415153,0
2,0,0.204861111,0.032022434,0.068090017,0
1,0.491525424,1.216990788,0.863612276,0.639779285,0
1,1.277234181,1.006012506,1.088640566,0.734739724,0
2,0.897959184,1.103664511,1.124277439,1.061174797,0
2,0.78,0.950609081,0.935680401,0.779634858,0
2,1.346840106,1.411838528,1.683467366,1.360329864,0
2,0.708963168,0.825880706,0.752279244,0.84703697,0
1,0.795191863,0.634686347,0.681933618,0.348376938,0
1,1.557786358,1.693324734,1.920234857,1.173851391,0
2,1.041087878,0.902844593,0.741160632,0.544889667,0
2,2.081632653,1.666249687,1.968044966,1.663705331,0
1,2.485549133,1.229050279,1.734848856,1.731048304,0
2,0.31416113,0.467436975,0.521909432,0.350153498,0
2,0.817191283,1.024983985,0.739590473,0.654288837,0
1,1.879611651,2.368106312,2.5860326,1.697199499,0
1,0.930735931,0.581081081,0.612436735,0.655227367,0
1,0.512503095,0.947540389,0.86291068,0.819630709,0
1,0.75499002,0.994740302,0.931717823,0.900635445,0
2,1.226190476,1.255283178,1.270601944,1.093137961,0
3,1.372059403,1.341243474,1.211423187,1.247079493,0
2,0.999259808,0.995391705,1.657476942,1.110521575,0
2,0.857142857,1.029575893,1.044915846,0.818390414,0
2,0.949367089,1.299392097,1.247113525,1.066633033,0
1,0.735014006,0.639687957,0.420262958,0.433612181,0
2,0.916442049,0.872454989,0.929692764,0.769992987,0
2,0.72386059,1.143336529,1.219715398,1.512030986,0
1,1.045673077,1.164658635,1.119217469,1.17915516,0
2,0.920930233,1.16833017,1.082568596,1.01726202,0
2,0.961176027,0.903790088,0.849502844,0.668300038,0
2,0.827067669,1.057692308,0.900014662,0.791781638,0
2,1.47314578,1.289185169,1.290635622,1.47381859,0
2,1.62834527,1.597994036,1.436150861,1.205341658,0
2,1.292472311,1.340508806,1.382746355,1.202720673,0
1,1.014252569,1.009376724,1.036295454,1.093151453,0
1,1.960281871,1.024844721,1.559759304,1.559572806,0
1,0.923076923,0.887323944,1.149368972,0.689307213,0
2,0.69373073,0.872712374,0.7930714,0.679616993,0
1,0.505617978,0.628881988,0.416957027,0.534054533,0
2,1.138047138,1.319663866,1.326350236,1.303314576,0
2,0.46913178,1.111751152,0.976092272,0.869407361,0
2,1.016463091,1.162756163,1.025258724,0.769936499,0
1,1.020860495,1.144386663,0.901341286,0.103525751,0
2,1.455259027,1.197339246,1.29613146,1.536465127,0
2,1.318242344,1.294261294,1.365836171,1.411232567,0
1,1.607142857,1.123996432,1.456400425,1.324361123,0
2,0.6965495,0.902073733,0.736731751,1.471841989,0
2,0.741579977,0.835120422,0.83523586,0.610457997,0
2,1.383928571,1.615980249,1.521882369,1.437064719,0
1,1.477964658,1.640552995,1.548776419,1.579836929,0
2,0.656482246,0.623903124,0.671382001,0.745005159,0
1,1.016668963,0.927460093,0.96348075,0.972208384,0
1,1.200168563,1.807319953,1.66082476,1.491220923,0
1,0.559006211,0.699088146,0.847975554,0.836525219,0
2,0.595488722,1.069306931,0.629215083,0.380802027,0
2,1.297909408,1.643977253,1.579008131,1.151181946,0
1,0.947000269,1.214527845,0.894520706,0.789295015,0
1,2.142105263,1.822992701,2.01567084,0,0
1,0.649452708,0.796557659,0.811191691,0.071976047,0
1,1.044300766,0.942009541,1.157958955,1.51830823,0
1,1.34092901,1.026518392,1.288974565,1.023896372,0
2,1.004103616,1.008403361,0.957518006,0.799153473,0
1,1.211703959,1.078251184,1.350551838,1.15735175,0
1,1.945238095,1.844420211,1.357658472,1.54548208,0
2,1.263208841,0.893454372,0.922398527,0.907405069,0
1,1.577270313,1.285714286,1.883336632,1.709970922,0
2,1.497845738,1.283501352,1.477820664,1.42600009,0
1,1.801637853,1.825197416,1.981564807,1.997628521,0
1,1.220950808,1.47170947,1.479262944,1.465992067,0
2,1.425718675,1.15844448,1.528609637,1.088543467,0
1,0.723790028,0.912648995,0.750746177,0.758934547,0
1,0.924558588,1.403618216,1.447432053,1.172028832,0
3,1.489986649,0.225234619,0.783969783,0.692754487,0
1,0.702702703,0.538461539,0.844654814,0.73149492,0
1,0.952755906,1.134920635,0.737310642,0.657056654,0
1,1.60021322,1.209183674,1.34242374,1.372554727,0
2,0.718722272,1.013370866,0.968393396,0.985794018,0
1,0.317460318,1.040462428,1.371227659,0.824594425,0
1,1.370697533,2.02247191,1.508716859,1.722074382,0
2,0.287769784,0.104166667,0.280591934,0.155263607,0
2,0.712401055,0.994949014,0.910488972,0.75177063,0
2,0.666666667,0.807095344,0.793797205,0.616934941,0
3,0.760910108,0.79914578,0.610785257,0.801565013,0
1,0.855641731,1.000673854,1.026290339,0.963543786,0
1,1.203296703,0.992604126,1.155035459,1.015658865,0
2,0.917913832,1.510140406,1.246458577,0.751006987,0
1,1.222222222,1.08974359,1.464879616,2.343282724,0
1,1.629279811,1.089207736,1.238916712,1.193136147,0
2,0.948787062,1.193161721,1.356853057,1.862930311,0
3,0.955163368,1.456217558,1.182067367,1.112034545,0
2,1.386018237,1.138392857,1.389138515,1.26102561,0
2,1.095420145,1.145340265,1.236062337,1.10517083,0
2,0.906887755,1.060382916,0.93707225,0.849730364,0
2,1.136212625,1.087774916,0.97532946,1.228221762,0
1,1.908920774,2.045112782,1.379273991,1.648968694,0
1,0.257861635,1.232240437,1.077488094,0.969691287,0
1,1.4,0.335616438,2.692522618,2.278301887,0
1,1.268940453,1.166448231,0.950662176,1.037861939,0
1,1.090686275,1.286564626,0.867853178,0.48191788,0
2,0.629211793,0.648845687,0.543708846,0.609201168,0
1,0.666982025,0.584415584,0.500819935,0.513570807,0
1,1.096224117,1.038461539,0.878757366,0.875987607,0
2,0.461741425,0.537825059,0.558737823,0.501946814,0
2,0.989648033,0.985240455,0.938514999,0.947743122,0
2,1.116109423,1.447295958,1.257172329,1.313689526,0
1,1.193633952,0.998819363,1.709378855,1.340098754,0
1,1.280788177,1.260688217,1.938030054,1.999733432,0
1,1.086136672,1.082531458,0.966396643,0.978317848,0
2,1.202538693,1.036393265,1.132270341,1.078070214,0
1,1.724637681,0.728831726,1.042229591,0.874993945,0
1,0.8,0.73347548,0.657283231,0.590870547,0
1,0.476572959,0.907358156,0.630355629,0.708685017,0
2,0.96461825,1.021696253,0.726583224,0.748381877,0
2,1.097505669,0.953694581,0.701587727,0.663142352,0
2,0.691489362,0.659701493,1.044282474,0.717643683,0
1,0.717420511,1.442517904,1.078543134,1.080323693,0
1,1.58849661,1.24605999,1.439213041,1.479781098,0
1,0.169491525,0.346320346,0.234060075,0.199707096,0
1,1.673434856,1.29727741,1.192795329,1.197256992,0
2,0.725601132,1.053268765,1.356098185,0.621292783,0
1,0.678768745,1.014058957,0.851883986,0.93641911,0
1,1.205270458,1.292257361,1.127358713,0.592978898,0
1,1.70521542,1.156737999,1.220180759,1.263554927,0
1,1.445783133,1.330188679,1.228465973,1.122346698,0
1,1.826979472,2.075420168,1.911283185,1.820788153,0
1,1.723505033,1.138888889,2.40323603,1.979190507,0
1,1.127524308,1.23853211,1.404727807,1.478082927,0
1,1.040816327,0.902654867,0.744222802,0.700294096,0
1,0.581699346,0.852916667,0.770182687,0.764106543,0
1,0.734693878,1.239242685,0.903469617,0.971558258,0
2,0.519906323,0.525070956,0.439249859,0.383360444,0
2,0.837625373,0.890570431,0.812757747,0.66185613,0
1,0.974593919,1.230015472,1.303657344,1.157673063,0
1,2.551931009,1.548996458,2.458780467,2.718662263,0
1,1.446233766,0.626245847,1.064365434,1.244891596,0
1,1.625826131,1.223178428,1.59773587,1.266295983,0
1,1.527896996,1.236435125,1.665908018,1.603681811,0
2,1.058564077,1.279692205,1.442246076,1.451664032,0
2,1.190834768,0.923039651,1.194037312,1.134170467,0
1,1.486765534,1.545064378,1.466446722,1.34837499,0
2,1.030564158,0.998049732,1.213383421,1.049775319,0
2,0.880540143,1.030585274,0.894085597,0.862702271,0
3,0.707964602,0.953228266,0.882086453,0.744850188,0
2,0.620416544,1.183335796,0.849491918,0.520933923,0
2,1.017179024,0.837371584,1.003450992,1.137163612,0
1,1.021021021,1.267201835,0.684440243,0.912729117,0
2,0.969162996,0.851979346,0.932810642,0.836891416,0
2,1.044321857,1.284078517,1.32140222,1.151635478,0
2,0.517625232,0.957867018,0.761500442,0.426044797,0
1,0.607902736,0.423344948,0.387454572,0.299237009,0
2,0.48525695,0.379381443,0.289167093,0.32235596,0
2,1.019364267,0.991298601,0.885069631,0.608298232,0
2,0.613765374,0.851936578,0.639492545,0.746862335,0
2,0.847378821,1.039184375,0.685221503,0.861929889,0
1,0.953424658,1.578686902,1.007674956,0.963089125,0
2,1.218399402,1.207243461,1.31754268,1.130615209,0
1,0.363636364,0.672,0.313253012,0.32851711,0
2,0.959101383,0.652830949,0.919641254,1.260765542,0
4,0,0.329411765,0.131691128,0.15670692,0
2,1.613324176,1.450653448,1.47205581,0.996071319,0
2,0.920757209,1.173626374,0.777009822,0.876348059,0
2,1.067037471,0.947614715,1.12428185,0.82883261,0
1,1,0.323108385,0.716749751,0.684723727,1
2,0.471910112,0.185430464,0.177932156,0.402453047,1
1,0,0.276515152,0.044627522,0.080172793,1
2,0.093158661,0,0.01112615,0.047419116,1
2,0.170644998,0.286131387,0.193912303,0.162016833,1
1,0.350230415,0,0.219536757,0.327299809,1
2,0.216432866,0,0.12378004,0.143682965,1
1,0.347607053,0.231543624,0.27338628,0.338620929,1
2,0,0.026340546,0.022537726,0.031675131,1
2,0,0.647398844,0.112915223,0.129908732,1
1,0.803278689,0.590361446,0.766215175,0.61392869,1
1,0,0.882758621,0.505077468,0.526366715,1
1,0.078411405,0,0.023559931,0,1
2,1.404255319,0,0.716060732,1.26606009,1
1,0.168336673,0,0.01081262,0,1
1,0.286937902,0.190883191,0.202066389,0.201344803,1
2,1.605734767,0.820179007,1.542293233,1.084519051,1
1,0.465909091,0,0.274388038,0,1
2,0.358318099,0.287671233,0.345547367,0.152422138,1
2,0.689368771,0.595408895,0.868737809,1.275734581,1
1,0.506024096,0,0.147509232,0.255493879,1
2,2.342657343,0.614678899,2.019085887,3.32781457,1
1,0.329004329,0.317991632,0.28952974,0.122773456,1
2,0,0.188505747,0.027939729,0.061814015,1
2,0.128244275,0.24155284,0.204292513,0.166285745,1
1,0,0.255850234,0.055876223,0.050886901,1
1,0.151515152,0.27072758,0.270880361,0.226243159,1
1,0.397476341,0.208436725,0.322717622,0.343163249,1
1,2.867924528,0,1.337086559,0.688561721,1
1,0.593692022,0,0.470185834,0.248103978,1
1,0.845637584,0,0.247176487,0.394530842,1
1,0.81147541,0.262948207,0.221199974,0.452735166,1
2,0.716157205,1.175303197,1.292844874,0.970651863,1
1,0.52631579,0,0.243261211,0.186287193,1
1,0.567272727,1.74301676,1.537376587,3.521827447,1
1,1.278688525,0.386503068,0.529003977,0.842186186,1
2,0.259259259,1.012048193,0.104293412,0.062417334,1
1,0.532846715,0.45625,1.272880428,2.12931322,1
1,1.1952,2.008064516,2.076052803,0.603349191,1
1,0.771428571,0.228813559,0.345330161,0.328635958,1
1,0.462068966,0.817073171,0.530786497,0.891515341,1
1,0.946721312,1.542116631,1.272936102,1.32796604,1
2,2.455205811,0.665245203,0.993094018,0.787522983,1
1,0,0.643410853,0.207570933,0.20137322,1
1,0.674311927,0.420525657,0.647831579,0.571711713,1
2,1.314782609,0,0.738495697,1.146258553,1
1,0.403614458,0.980487805,0.699797844,2.466766359,1
1,0.315196998,0,0.050996118,0.07764657,1
1,0.779342723,0.178111588,0.458757149,1.351731626,1
3,0.758807588,0.321839081,1.282849767,0.873544242,1
1,0.244635193,0,0.005455903,0,1
1,0.761904762,0.307692308,0.521889239,0.473923622,1
1,0,0.253435115,0.045339945,0.087660169,1
1,1.270801815,0.756756757,1.408951484,0.515333151,1
2,1.730501931,2.167254764,1.777668615,2.426024496,1
1,0.183222958,0,0.06856246,0.072503858,1
2,0.184615385,0.357573608,0.380393298,0.363087868,1
1,5.327702703,0.546052632,2.372081956,4.246782395,1
3,0.553974315,0.191017624,0.788751336,2.041754452,1
1,0.627599244,0.918819188,0.952437128,0.40311436,1
1,1.057142857,0.654867257,0.172897196,0.402593281,1
1,3.6875,0,0.045912516,0,1
1,0,0.224376731,0.163834952,0.166142486,1
1,0.696275072,0.80730897,1.313295999,1.551724138,1
1,1.297741273,1.537712895,1.281457371,1.279088225,1
1,0.565217391,0,0.259767687,0.123235728,1
2,0.252,0.403141361,0.391404066,0.503674907,1
1,0,0.122541604,0.078012505,0.103977792,1
2,0.218181818,0.679646018,0.162148333,0.222293233,1
2,1.048973144,0.616336634,0.741369088,0.760166962,1
1,2.837837838,0.31512605,1.21990639,4.03033198,1
1,1.21875,0.787878788,0.293029808,0.479523085,1
1,0.900775194,0.622188906,0.623736501,0.64198895,1
1,0.506097561,1.014256619,0.565350194,0.507793941,1
1,0.4125,1.885714286,1.299290497,2.009718627,1
1,0.935483871,2.942028986,2.722784298,0.997992544,1
1,0,0.534979424,2.100133511,1.214388368,1
2,0.329166667,0,0.641213748,0.02894087,1
1,0.301158301,1.278688525,0.205731146,0.402534476,1
1,0.173333333,0,0.273697549,0.570655326,1
1,0.776699029,0.918367347,0.598364933,0.532845231,1
1,0.245398773,0.173913044,0.306022228,0.187657387,1
2,1.221374046,0.373831776,0.504485127,0.248138958,1
2,0.233918129,0.277777778,0.470387281,0.590504477,1
1,0.214650767,0.486674392,0.232922535,0.520761838,1
2,0.32,0,0.024964089,0.121223459,1
1,2.518771331,0.543046358,0.873820308,0.789281998,1
1,0.315175097,0,0.208115128,0.192475248,1
1,0.861702128,0.397058824,0.037722142,0.026482272,1
4,0.500603136,0.588652482,0.150936916,0.056381267,1
1,0.797843666,0.427745665,0.79459137,0.817602996,1
2,0,0.071211463,0.139265943,0.103494926,1
2,0.258899676,0.466472303,0.226628895,0.371621043,1
1,0.339622642,0,0.61914164,0.375815572,1
1,0.556097561,1.30472103,2.059648412,1.207246631,1
1,0.861702128,0.125972006,0.102074656,0.047611584,1
1,0.145522388,0,3.968751659,9.535651026,1
2,1.810945274,0,0.60519248,0.876568646,1
1,0,0.288732394,0.111254171,0.110666247,1
3,0.255717256,0,0.220069385,0.128890286,1
2,0.213309025,0,0.157025381,0.078051078,1
2,0.052401747,0.036890646,0.048430377,0.044971998,1
2,0.913043478,0.24522293,0.519365412,0.982512609,1
2,0.512542373,0.290657439,0.161736571,0.212344639,1
1,0.20959596,0.175105485,0.087789598,0.140487475,1
1,0.388888889,0,0.044142741,0,1
1,1.817475728,2.180124224,2.361871451,4.409069212,1
1,1.022727273,0.9375,0.862213381,1.104673998,1
2,0.593908629,0.3046875,0.090391301,0.34356244,1
1,0,0.549019608,0.115768139,0.183204109,1
1,0.248484849,0,0.138199821,0,1
1,0.216802168,0.511182109,0.353654887,0.280603297,1
1,0.58761062,0.204433498,0.608870727,0.518870109,1
1,0.823728814,1.629310345,0.890049793,1.520520793,1
1,0.233918129,0.610687023,0.259264975,1.060562395,1
1,0.216901409,0,0.063829179,0.201149425,1
2,0.082858623,0,0.048831729,0.041296006,1
1,0,0.192941177,0.059370993,0.051865908,1
2,0.205583756,0,0.030790497,0.068707146,1
1,1.021276596,0.49689441,0.393870232,0.58506262,1
2,0.33877551,0,0.029693761,0.094383663,1
2,0.667560322,1.142753623,1.771143305,2.254109718,1
1,0,0.684782609,0.23178808,0.25066313,1
2,0.197222222,0,0.0164496,0.043765025,1
1,0,0.280821918,0.042078855,0.079703914,1
1,0.246428571,0,0.178286198,0.13163752,1
1,0.270042194,0,0.215141437,0,1
1,0,0.380697051,0.485474385,0.337025317,1
2,0,0.116809117,0.11389502,0.189015721,1
2,0,0.973913044,2.187063608,1.335961,1
2,0.839779006,0,0.62774071,0.667352397,1
1,2.146551724,2.576797386,2.217518604,2.269103404,1
1,0,0.541284404,0.405560223,0.804911323,1
2,0,0.41813602,0.349624372,0.212442117,1
1,0,0.390804598,0.153594771,0.119741734,1
1,1.129411765,0.31372549,0.404749056,0.181192406,1
3,0.292490119,0,0.351024403,0.358007293,1
2,0.217821782,0.114074074,0.119880028,0.102039126,1
1,0,0.189119171,0.097459341,0.138265278,1
1,0.653696498,0.355932203,0.431113621,0.448801125,1
1,0.312138728,0,1.007535991,0.99989713,1
2,0.346733668,0,0.050363602,0.071258907,1
1,1.201581028,1.325581395,3.70795107,5.705569428,1
2,0.321083172,0.732352941,0.219271727,0.197243346,1
1,0.111782477,0,0.008253862,0,1
2,1.583710407,1.065989848,1.991421318,1.797870574,1
1,0.288808664,1.684210526,0.739495798,0.74632221,1
1,0,0.577777778,0.074610858,0.036603488,1
1,1.073684211,1.133333333,0.595229053,0.518390741,1
1,0.23125,0,0.019868196,0,1
1,0.587301587,0,0.255050639,0,1
2,0.13592233,0.095346198,0.067188719,0.248883696,1
2,0.450980392,0.683168317,0.444874275,0.394404662,1
2,0,0.928478544,0.693225917,0.584207147,1
1,4.858895706,2.426966292,3.9,2.824623432,1
2,0.202192448,0.274380165,0.207034944,0.046306628,1
3,0.144536352,0,0.095816431,0.217956989,1
1,0.299065421,0,0.073566895,0.331274631,1
1,0.818181818,0,0.143923241,0,1
1,0.367441861,0,0.115049081,0.140493903,1
1,0.193995381,0.24137931,0.509544723,0.973520733,1
2,0,0.342298289,0.167670756,0.156808084,1
1,0.156716418,0,0.037140331,0,1
1,0.239130435,0,0.004500634,0.039477462,1
1,1.394957983,0.988095238,0.78157483,1.163637033,1
1,0.512110727,0,0.058853605,0,1
4,0.5,0.68329718,0.510133678,0.498753117,1
1,3,1.35483871,3.147014551,6.440840841,1
1,0.222891566,0,0.035007096,0,1
2,0.278761062,0,0.386109682,0.419510571,1
3,0.701902748,0.447439353,0.241560121,0.050016048,1
2,1.525423729,1.834951456,1.396820016,1.440901535,1
1,0,0.389189189,0.284154187,0.203634307,1
3,0.051302932,0,0.002318281,0.006406459,1
1,0.567567568,0.795454546,0.392176756,0.495547934,1
2,0.583333333,0,0.096933729,0.122197721,1
1,0.82,0,0.823586587,0.963731521,1
1,0.259659969,0,0.420432921,0.379439792,1
2,0,0.142774231,0.075062226,0.086388002,1
4,0.97542735,1.299412916,1.003952949,0.888826989,1
1,0.24789916,0,0.061755576,0,1
1,0,0.137479542,0.037194551,0.046424682,1
1,1.07826087,0,0.096049574,0.28115016,1
1,0.842105263,1.855072464,2.228106948,1.476158794,1
2,2.751724138,3.717391304,3.678968655,2.458677145,1
1,0,0.8625,0.081816096,0.327220185,1
2,0,0.957264957,0.446797646,0.675377199,1
1,0.695652174,0,0.119655341,0.350116503,1
2,0.158333333,0,0.161730218,0.234301636,1
2,1.603960396,0,1.174298085,2.152643805,1
1,0.782608696,0,0.080734895,0,1
2,0,0.399049881,0.27482324,0.381933329,1
1,0,0.333333333,0.534036702,0.262887147,1
2,0,0.334951456,0.126779103,0.112935785,1
1,0.115879828,0,0.016847823,0,1
1,0.200238379,0,0.076644556,0.101554404,1
2,0.125516529,0,0.397847148,0.358274972,1
1,0.110381078,0,0.05355325,0.0622349,1
2,0.88372093,1.029810298,0.555956178,0.709009353,1
1,0,0.299638989,0.122738344,0.1042408,1
2,0.602977668,0,0.338991084,0.243610961,1
1,0.872727273,2.406015038,0.959146628,0.947921919,1
1,1.29787234,1.326086957,1.43131071,1.177931035,1
1,0.232686981,0,0.073520731,0,1
1,0.172268908,0.11884058,0.138801095,0.126424524,1
1,0.32195122,0,0.064323007,0,1
2,0.377959927,0.671792796,0.409710672,0.474768996,1
1,0.517985612,0,0.028476185,0.10837389,1
1,0.449848024,0.845714286,0.219640038,0.123715876,1
2,0,0.040307102,0.070196199,0.2350469,1
2,0.614934114,0.730434783,0.703748102,1.214768123,1
2,0,0.875,0.088126525,0.19582702,1
1,0.3828125,0,0.074051027,0.038909476,1
1,0.149193548,0,0.100333897,0.087847383,1
1,1.627906977,0,0.191049291,0.113432836,1
1,0.537313433,0.773869347,0.497645614,0.449863263,1
1,0,0.233285918,0.109927368,0.105139234,1
1,0.298181818,0,0.357688113,0.307942668,1
2,0.364640884,0.992481203,0.217462933,0.275448742,1
1,5.285714286,1.180851064,1.281457326,2.361491016,1
2,0,0.413436693,0.132018787,0.189431311,1
2,0,0.383783784,0.112975553,0.171104952,1
1,0.352447552,0.215384615,0.354015453,1.09949428,1
1,0.229822161,0,0.023942265,0.097982037,1
2,0.064685315,0,0.008656321,0,1
1,0.962962963,0,0.110705596,0.14075188,1
2,0.102314251,0.50501002,0.240208129,0.161311325,1
1,1.085972851,0.599250936,0.200387416,0.502433663,1
1,0,0.102874433,0.0070041,0.04684271,1
2,0,1.333333333,0.053693152,0.371561535,1
1,0,0.318965517,0.147084193,0.128466353,1
1,0.969230769,0.761904762,0.468257625,0.484023049,1
2,0.476093591,0.28960396,0.165854246,0.195100851,1
2,0,0.1925,0.039358136,0.098699964,1
1,0.717647059,0.635416667,0.928115531,2.44361744,1
1,0.56462585,2.045174538,1.388672889,1.166098877,1
1,0.25308642,0,0.034854419,0,1
2,1.539923954,0.758782201,1.50702674,0.974203716,1
1,0.147005445,0,0.105731577,0.037337943,1
1,0.161202186,0,0.036094212,0.043002916,1
1,0.8375,2.961325967,1.708766035,2.79009083,1
1,0.378504673,0,0.036197522,0,1
1,0,0.431654676,0.320596729,0.356433525,1
1,0.373831776,0,0.274363532,0,1
2,1.565217391,1.792,2.013739975,1.664930964,1
1,1.037974684,0,0.365035938,0.215135098,1
1,0.4375,0.479315264,0.231398829,0.323556266,1
2,0,0.256358088,0.124263119,0.162256829,1
1,0.34841629,0.55,0.250651042,0.335347597,1
2,1.473684211,1.38431114,1.582749782,1.767826007,1
2,0.536377709,0,0.262295423,0.378849893,1
2,1.03930131,0.881427072,1.994128328,10.00727667,1
1,0.299270073,0,0.089681572,0.11588741,1
1,0.193103448,0,0.05265043,0.058409387,1
1,0.162650602,0.261290323,0.031731162,0.078059166,1
1,0,0.661417323,0.486615808,0.369320958,1
2,0.394160584,0,0.170439505,0,1
2,0.333333333,0.674157303,0.551725468,0.477562783,1
1,1.529801325,1.19844358,1.96008435,1.815238847,1
2,0.102065614,0,0.116230035,0.06854889,1
1,2.378698225,0.370165746,2.403939313,1.897001919,1
2,0,0.583919598,0.228631362,0.316243747,1
2,0.056300268,0.174394464,0.062677887,0.04145055,1
2,0.757575758,0.39408867,1.154401154,1.649191399,1
1,0.423971378,0.253205128,0.802317458,0.549765883,1
4,0.157954118,0.17591623,0.020242566,0.010381374,1
1,0.283464567,0,0.044432102,0,1
1,0.969230769,0.752238806,0.624057932,0.420630946,1
1,0.736111111,0.588888889,0.311365898,0.909396557,1
1,0.506024096,0.584493042,0.720765744,0.776352699,1
1,0.871323529,0.372641509,0.236922321,0.980478345,1
1,3.818181818,1.287356322,2.793084523,7.060287081,1
1,0.243654822,0.063015754,0.149524166,0.057428885,1
2,0.39661017,0,0.172457359,0.206700086,1
1,0.083157895,0,0.022473882,0,1
1,0.110526316,0.096774194,0.058786539,0.028741937,1
2,0.10483871,0,0.018208877,0.068424463,1
1,0.852713178,0,1.79820908,0,1
1,1.076086957,0,0.038889298,0.195596225,1
1,0.312655087,0.075675676,0.092247577,0.110463205,1
2,0.231428571,0,0.026075175,0.057353293,1
2,0.487341772,0,0.128148443,0.065906601,1
2,0,0.18018018,0.082855941,0.100802055,1
1,0.193548387,0,0.020688034,0.129575936,1
1,0.39408867,0,0.274273176,0,1
1,1.227272727,0.522580645,1.831164671,2.574071695,1
1,0,0.360257327,0.115290734,0.171396184,1
1,0.180751174,0.235474006,0.397318068,0.309773863,1
1,0.347150259,0,0.069582748,0,1
1,0.157497303,0.063978966,0.151778753,0.494022307,1
1,0,0.518867925,0.238218006,0.267423015,1
1,0.54368932,1.292307692,0.905920417,0.965006656,1
1,0.824175824,0,0.46635118,0,1
1,0.126382307,0,0.036898722,0.071188196,1
1,0,0.489655172,0.098611111,0.156112577,1
2,0.172452408,0.265746333,0.193894967,0.22732305,1
2,0.370192308,0,0.164656804,0.197591446,1
1,1.420863309,2.48427673,1.415543253,4.727164197,1
1,0.399038462,0.522012579,0.967152389,1.567587334,1
1,1.256410256,0,0.683444512,0.808080808,1
1,0,0.570422535,1.020488166,0.888955403,1
2,0,0.219607843,0.151931286,0.344763383,1
1,0,0.14828545,0.135049067,0.210001313,1
1,0.734513274,0,0.509298409,0.899301256,1
2,1.676470588,0.185365854,0.333291737,0.216829277,1
2,0,0.433797909,0.508810066,0.033471895,1
2,0.215258856,0,0.035274606,0.016443824,1
1,0.132183908,0,0.00111328,0.042196028,1
1,0.182897862,0.371980676,0.116110656,0.066176637,1
2,0,0.263736264,0.113015344,0.112679079,1
2,0.268656716,0,0.073764135,0.090197307,1
2,1.009242144,1.402697495,1.100911177,1.065633048,1
1,0.431952663,0,0.05095732,0.305599163,1
1,0,0.32972973,0.081084674,0.160526316,1
1,0.180487805,0,0.056791091,0.014362657,1
2,0.180133432,0,0.328296557,0.192612573,1
1,0.266666667,0,0.053302663,0.05077216,1
1,0.877777778,1.994949495,1.672188478,0.665245868,1
1,0.794044665,0.958083832,0.941664029,0.885311871,1
1,1.215384615,0.632,0.360723614,0.609893848,1
2,0.185185185,0.469208211,0.105932203,0.092614925,1
1,0,0.65060241,0.405418437,1.121211371,1
1,0,0.29739777,0.636984075,0.919480688,1
1,0.554621849,0.4,0.15974391,0.383741588,1
1,0,0.546341463,0.769062426,0.599785791,1
2,0.921985816,1.577085089,3.018948061,1.553747115,1
1,0.226708075,0,0.068238471,0,1
2,0,0.692307692,0.899136442,0.499484536,1
1,0.406417112,0,0.209549824,0.161286044,1
1,0.195121951,0.362811791,0.152087893,0.118583585,1
1,0,1.22962963,0.492991873,0.494495795,1
2,1.338842975,0.640822785,0.589367138,0.530431433,1
2,0.055900621,0,0.031719473,0,1
2,0,0.246305419,0.150228609,0.064523475,1
2,0,1.185882353,0.312465698,0.261195099,1
2,0.324324324,0.188976378,0.447958685,0.38651033,1
1,0.939622642,0.535483871,0.472965973,0.580633284,1
1,0,0.27124183,0.058890606,0.086476349,1
2,0.898203593,0.269299821,0.478742738,0.695465303,1
1,1.627906977,1.110376735,1.131250412,1.004563336,1
2,0.472689076,0.142857143,0.354768117,0.909353349,1
1,0,0.633333333,0.210103764,0.212576401,1
1,0,0.605504587,1.068442623,0.791120977,1
1,0.258342304,0.652528548,0.413702852,1.692475157,1
1,0.234809475,0,0.011373719,0,1
1,0,0.165991903,0.04458904,0.06533344,1
1,1.457068517,0.886075949,0.646361647,1.544368139,1
1,0.873015873,0.454545455,0.451770008,0.389541404,1
2,0.123558484,0,0.041754446,0.027552823,1
1,0,0.566801619,0.072783988,0.391924382,1
1,0.210191083,0,0.151301471,0,1
2,1.765765766,2.261538462,5.814739984,4.331111891,1
2,0.32421875,0,0.058533857,0.095141207,1
1,0.287878788,0,0.399750216,0,1
1,0.119186047,0.458100559,0.130313866,0.222692451,1
1,2,0.213740458,0.474751529,0.545288569,1
1,0.666666667,0,0.357667585,0.84008843,1
1,1.363083164,0.569491525,0.768364604,0.90833472,1
1,0.589552239,0.217032967,0.133795549,0.173435785,1
1,1.578947368,0.8,0.947499575,1.691567629,1
1,0,0.163424125,0.162344555,0.185290111,1
1,1.629464286,0.306722689,3.135307105,2.748583705,1
1,0.427745665,0,0.091764534,0.274074074,1
1,0.953191489,2.8565356,1.504367769,2.021390374,1
2,1.458052073,1.056603774,1.94533707,1.443356293,1
1,1.258503401,4.269230769,1.458158133,2.971163668,1
2,0.040345821,0,0.027108868,0,1
2,0.72972973,0.327935223,0.63910339,0.994569943,1
2,0.836846929,1.069587629,1.985967113,2.133328072,1
2,0.478632479,0.289655172,0.250297974,0.345958205,1
1,2.437037037,0,0.920935029,2.895489549,1
1,0.231830727,0.123348018,0.2655382,0.272029115,1
1,0.244047619,0.229691877,0.119733402,0.190188613,1
1,0,1.477272727,0.208279207,0.221465077,1
2,0.341666667,0.585714286,0.18836711,0.249662912,1
2,0,0.879518072,0.112715926,0.251832687,1
2,0.541133455,0.919889503,0.547749199,0.708882033,1
1,0.527027027,0,0.272019829,0,1
2,0.176842105,0.209476309,0.259392692,0.211262883,1
1,1.162872154,1.396261682,1.273010593,1.199474491,1
1,0.62745098,0,0.100280677,0,1
3,0.065268065,0.441640379,0.339384029,0.370263652,1
1,0.676190476,0,0.214452613,0.255901964,1
2,0.626865672,0.583333333,0.25465058,0.291086603,1
2,0.060128848,0,0.017420689,0.011615139,1
1,0.414985591,1.323529412,2.109640832,1.27239826,1
1,0.703703704,1.155015198,1.049457517,1.227331271,1
1,0,0.785714286,0.31683408,0.333405499,1
1,0.708487085,1.718120805,0.752919197,0.368820968,1
1,0.409756098,0,0.132532314,0.09328928,1
2,0,0.496,0.109882691,0.079095084,1
1,1.766233766,0.759776536,1.473151463,0.556041959,1
2,0.295620438,0,0.140992167,0.234820847,1
1,2.829457364,0,1.128403302,0.212186457,1
2,0.328767123,0,0.063343341,0.068079426,1
2,0,0.777777778,0.005083515,0.219544069,1
1,0.301652893,0,0.065549237,0.129621893,1
2,0.292682927,0,0.247448809,0.286803376,1
2,0.38147139,0,0.03086329,0.043596391,1
1,0.355430183,0,0.394054316,0.194376149,1
